Player Name,Team,League,POS,GP,MIN,BR
Teji Savanier,NIM,FRAN,M,32,2865,326
Wilfred Ndidi,LEI,EPL,M,38,3298,324
Ismael Benaccer,EMP,SERI,M,37,2959,312
Thiago Mendes,LIL,FRAN,M,35,3082,310
Ever Banega,SEV,LIGA,M,32,2676,290
Declan Rice,WHU,EPL,M/D,34,3004,287
Ruben Neves,WLV,EPL,M,35,3009,286
Rodrigo,ATL,LIGA,M,34,2742,280
Allan,NAP,SERI,M,33,2613,275
Jorginho,CHE,EPL,M,37,3165,274
Daniel Parejo,VAL,LIGA,M,36,3062,270
Pierre-Emile Hojbjerg,SOU,EPL,M,31,2764,270
Jose Campana,LEV,LIGA,M,36,3213,268
Ruben Alcaraz,REV,LIGA,M,34,2978,268
Jordan Veretout,FIO,SERI,M,33,2942,266
Thiago Alcantara,MUN,BUND,M,30,2408,266
Joao Moutinho,WLV,EPL,M,38,3038,264
Daniel Baier,AUG,BUND,M,34,2911,259
Abdoulaye Doucoure,WAT,EPL,M,35,3062,257
Etienne Capoue,WAT,EPL,M,33,2946,256
Idrissa Gueye,EVE,EPL,M,33,2825,254
Nicolo Barella,CAG,SERI,M,35,3111,253
Moi Gomez,HUE,LIGA,M,36,3061,252
Ibrahim Sangare,TOU,FRAN,M,28,2466,251
Rodrigo De Paul,UDN,SERI,F/M,36,3193,249
Joan Jordan,EIB,LIGA,M,36,2878,249
Otavio,BDX,FRAN,M,33,2880,248
Damian Suarez,GET,LIGA,M/D,36,3240,246
Valentin Rongier,NTE,FRAN,M,36,3227,246
Yann M'Vila,ETI,FRAN,M,37,3260,244
Alaixys Romao,REI,FRAN,M,36,3165,243
Nicolas N'Koulou,TOR,SERI,M/D,36,3215,242
Marten De Roon,ATA,SERI,M,35,2977,242
Makoto Hasebe,EF,BUND,M,29,2610,241
Baptiste Santamaria,ANG,FRAN,M,38,3247,239
Faycal Fajr,CAE,FRAN,M,36,3240,239
N'Golo Kante,CHE,EPL,M,36,3095,238
Daniel Caligiuri,SKE,BUND,F/M,32,2850,237
Marc Roca,ESP,LIGA,M,35,3116,236
Ellyes Skhiri,MTP,FRAN,M,37,3091,235
Remo Freuler,ATA,SERI,M,35,3030,234
Ashley Westwood,BUR,EPL,M/D,34,2822,234
Jonathan Hogg,HUD,EPL,M,29,2375,234
Calum Chambers,FUL,EPL,M/D,31,2586,233
Jefferson Lerma,BOU,EPL,M,30,2510,233
Senad Lulic,LAZ,SERI,M,35,2930,232
Marcelo Brozovic,INT,SERI,M,32,2656,228
Michel,REV,LIGA,M,35,2551,228
Felipe Anderson,WHU,EPL,M,36,3051,227
Ruben Perez,LGN,LIGA,M,31,2471,225
Axel Witsel,DOR,BUND,M,33,2873,224
Tomas Rincon,TOR,SERI,M,34,2804,224
Jorge Miramon,HUE,LIGA,M/D,30,2496,223
Lucas Torreira,ARS,EPL,M,34,2379,220
Jack Cork,BUR,EPL,M,37,3313,219
Filip Kostic,EF,BUND,M,35,3050,219
Benjamin Andre,REN,FRAN,M,30,2497,219
Tomas Pina,ALA,LIGA,M,28,2343,219
Houssem Aouar,LYO,FRAN,M,37,3068,218
Joshua Kimmich,MUN,BUND,M/D,34,3060,218
Paul Pogba,MUN,EPL,M,35,3009,218
Xavier Chavalerin,REI,FRAN,M,36,3240,216
James McArthur,CRY,EPL,M,38,3072,216
Ricardo Pereira,LEI,EPL,M/D,35,3125,216
Ivan Rakitic,BAR,LIGA,M,34,2643,215
Ruben Pena,EIB,LIGA,M/D,31,2673,214
Albin Ekdal,SMP,SERI,M,32,2652,213
Florian Grillitsch,HOF,BUND,M,30,2394,213
Maximilian Eggestein,BRE,BUND,M,34,3053,212
Marcos Alonso,CHE,EPL,M/D,31,2761,212
Matthias Zimmermann,DUS,BUND,M,35,3140,211
Franck Kessie,MIL,SERI,M,34,3021,211
Soualiho Meite,TOR,SERI,M,35,2662,210
Erick Pulgar,BGN,SERI,M,28,2362,209
Walace,HAN,BUND,M,26,1996,209
Moussa Sissoko,TOT,EPL,M,29,2337,208
Maximilian Arnold,WOL,BUND,M,33,2879,207
Granit Xhaka,ARS,EPL,M,29,2501,207
Nemanja Matic,MUN,EPL,M,28,2440,207
Aaron Wan-Bissaka,CRY,EPL,M/D,35,3135,206
Borja Garcia,GIR,LIGA,M,33,2636,206
Charlie Taylor,BUR,EPL,M/D,38,3240,205
Kwado Asamoah,INT,SERI,M/D,32,2671,205
Dennis Praet,SMP,SERI,M,34,2895,204
Saul Niguez,ATL,LIGA,M,33,2925,204
Aaron Mooy,HUD,EPL,M,29,2327,203
William Carvalho,BET,LIGA,M,30,2386,202
Cesar Azpilicueta,CHE,EPL,M/D,38,3403,201
Seko Fofana,UDN,SERI,M,31,2645,201
Santi Cazorla,VIL,LIGA,M,35,2651,201
Igor Zubeldia,RSO,LIGA,M,33,2551,200
Dale Stephens,BHA,EPL,M,30,2487,200
Enis Bardhi,LEV,LIGA,M,36,2841,198
Vincent Manceau,ANG,FRAN,M/D,31,2790,198
Abdoulaye Toure,NTE,FRAN,M,34,2750,198
Morgan Sanson,MAR,FRAN,M,33,2404,198
Kevin Stoger,DUS,BUND,M,26,2210,197
Clement Grenier,REN,FRAN,M,33,2667,195
Luka Milivojevic,CRY,EPL,M,38,3420,194
Sergio Busquets,BAR,LIGA,M,35,2719,194
Jordan Ferri,NIM,FRAN,M,24,1877,194
Andros Townsend,CRY,EPL,M,38,3016,193
Simone Missiroli,SPL,SERI,M,34,2750,191
Damien Le Tallec,MTP,FRAN,M/D,36,2812,191
Julian Brandt,LEV,BUND,M,34,2763,191
Davy Propper,BHA,EPL,M,30,2551,191
Okay,CEL,LIGA,M,30,2203,191
Kerem Demirbay,HOF,BUND,M,26,2022,191
Fabian Orellana,EIB,LIGA,M,33,2738,190
Santiago Ascacibar,SGT,BUND,M,27,2428,190
Manu Garcia,ALA,LIGA,M,34,2325,190
Pierre Kunde Malong,MAI,BUND,M,29,1918,190
Flavien Tait,ANG,FRAN,M,36,2995,189
Piotr Zielinski,NAP,SERI,M,36,2881,189
Mark Noble,WHU,EPL,M,31,2308,189
Tanguy Ndombele,LYO,FRAN,M,34,2691,188
Christian Eriksen,TOT,EPL,M,35,2771,188
Ibrahima Sissoko,STR,FRAN,M,32,2669,187
Dani Garcia,ATH,LIGA,M,29,2482,187
Sergej Milinkovic-Savic,LAZ,SERI,M,31,2405,187
Jony,ALA,LIGA,F/M,36,2982,186
Raman Chibsah,FRO,SERI,M,32,2626,186
Marcel Sabitzer,RBL,BUND,M,30,2351,186
Roberto Pereyra,WAT,EPL,M,33,2821,185
Lucas Ocampos,MAR,FRAN,M,34,2714,185
Oriol Romeu,SOU,EPL,M,31,2139,185
Casemiro,RMD,LIGA,M,29,2316,184
Raffaele Maiello,FRO,SERI,M,29,2046,183
Adrien Tameze,NIC,FRAN,M,37,2950,182
Georginio Wijnaldum,LIV,EPL,M,35,2736,182
Asier Illarramendi,RSO,LIGA,M,23,1822,182
Valentino Lazaro,HB,BUND,F/M,31,2743,181
Bernard,EVE,EPL,M,34,2127,180
Kevin Kampl,RBL,BUND,M,27,2119,180
Kevin Vogt,HOF,BUND,M,28,2394,179
Pedro Porro,GIR,LIGA,M/D,32,2212,179
Max Gradel,TOU,FRAN,F/M,36,3240,178
Benat,ATH,LIGA,M,27,2045,178
Andre Gomes,EVE,EPL,M,27,1986,178
Pere Pons,GIR,LIGA,M,34,2796,177
Thorgan Hazard,BM,BUND,M,33,2877,176
Steven N'Zonzi,ROM,SERI,M,30,2619,176
Koke,ATL,LIGA,M,30,2587,176
Tiemoue Bakayoko,MIL,SERI,M,31,2301,176
Daniele Baselli,TOR,SERI,M,34,2388,175
Bryan Cristante,ROM,SERI,M,35,2418,175
Aron Gunnarsson,CC,EPL,M,28,2275,174
Philip Billing,HUD,EPL,M,27,2190,174
Hakan Calhanoglu,MIL,SERI,F/M,36,2897,173
Thomas Monconduit,AMN,FRAN,M,33,2821,172
Jesus Navas,SEV,LIGA,M/D,32,2712,172
Karol Linetty,SMP,SERI,M,32,2518,172
Miralem Pjanic,JUV,SERI,M,31,2288,172
Nathan Redmond,SOU,EPL,M,38,3275,171
Matt Ritchie,NEW,EPL,M/D,36,2939,171
Jonny,WLV,EPL,M/D,33,2777,171
Papakouli Diop,EIB,LIGA,M,28,2356,170
Charles Aranguiz,LEV,BUND,M,25,1985,169
Victor Camarasa,CC,EPL,M,32,2578,168
Florent Mollet,MTP,FRAN,M,32,2577,168
Toni Kroos,RMD,LIGA,M,28,2227,168
Jordan Henderson,LIV,EPL,M,32,1982,168
Matt Doherty,WLV,EPL,M/D,38,3147,167
Kai Havertz,LEV,BUND,M,35,2990,167
Thomas Foket,REI,FRAN,M/D,32,2880,167
Ondrej Duda,HB,BUND,M,32,2573,167
Matteo Guendouzi,ARS,EPL,M,33,2142,167
Nemanja Maksimovic,GET,LIGA,M,36,3211,166
Mauro Arambarri,GET,LIGA,M,33,2685,166
Ashley Young,MUN,EPL,M/D,30,2569,166
Stanislav Lobotka,CEL,LIGA,M,31,2493,166
Kieran Trippier,TOT,EPL,M/D,27,2278,166
Remy Cabella,ETI,FRAN,M,34,3000,165
Adrien Thomasson,STR,FRAN,M,34,2485,165
Lucas Leiva,LAZ,SERI,M,27,1988,165
Bernardo Silva,MCI,EPL,M,36,2853,164
Alex Granell,GIR,LIGA,M,32,2392,164
Pablo Fornals,VIL,LIGA,M,35,2483,163
Fernandinho,MCI,EPL,M,29,2381,163
Daniel Bessa,GEN,SERI,M,34,2443,163
Richarlison,EVE,EPL,F/M,35,2678,162
Jason Denayer,LYO,FRAN,M/D,31,2748,162
Alexis Blin,AMN,FRAN,M,27,1996,162
Diego Demme,RBL,BUND,M,26,2061,162
Francis Coquelin,VAL,LIGA,M,26,1766,162
Luiz Gustavo,MAR,FRAN,M,30,2432,161
Will Hughes,WAT,EPL,M,32,2433,160
Eddy Gnahore,AMN,FRAN,M,34,2242,160
Anthony Briancon,NIM,FRAN,M/D,33,2925,159
Nico Schulz,HOF,BUND,M,30,2542,159
Luka Modric,RMD,LIGA,M,34,2617,158
Ludovic Blas,GUI,FRAN,M,34,2380,158
Jean Michael Seri,FUL,EPL,M,32,2250,158
Hamed Junior Traore,EMP,SERI,M,32,2266,158
Sven Bender,LEV,BUND,M,28,2052,158
Josuha Guilavogui,WOL,BUND,M,19,1571,158
Gylfi Sigurdsson,EVE,EPL,M,38,3127,157
Jonathan Schmid,AUG,BUND,M,29,2610,157
Jonas Martin,STR,FRAN,M,23,2060,157
Wylan Cyprien,NIC,FRAN,M,29,2363,156
Mikel Merino,RSO,LIGA,M,29,2060,156
Rolando Mandragora,UDN,SERI,M,35,2921,155
Rani Khedira,AUG,BUND,M,31,2717,155
Andres Guardado,BET,LIGA,M,31,2338,155
Mikel Vesga,LGN,LIGA,M,26,2075,155
Edimilson Fernandes,FIO,SERI,M,29,1973,155
Konrad Laimer,RBL,BUND,M,29,1876,155
Ilkay Gundogan,MCI,EPL,M,31,2135,154
Sadio Mane,LIV,EPL,F/M,36,3085,153
Mohamed Fares,SPL,SERI,M/D,35,2947,153
Romain Amalfitano,DIJ,FRAN,M,32,2528,153
Franco Vazquez,SEV,LIGA,F/M,34,2287,153
Stefano Sensi,SAS,SERI,M,28,1978,153
Fabian Ruiz,NAP,SERI,M,27,1990,153
Roque Mesa,SEV,LIGA,M,31,1745,153
Antonino Barilla,PAR,SERI,M,31,2622,152
Rodrigo Bentancur,JUV,SERI,M,31,1996,152
Alejandro Dario Gomez,ATA,SERI,F/M,35,2909,151
Davy Klaassen,BRE,BUND,M,33,2823,151
Rade Krunic,EMP,SERI,M,33,2783,151
Sergio Canales,BET,LIGA,M,32,2658,150
Bouna Sarr,MAR,FRAN,M/D,29,2244,150
Etienne Didot,GUI,FRAN,M,31,2105,150
Luca Cigarini,CAG,SERI,M,25,1687,150
Carlos Soler,VAL,LIGA,M,31,2466,149
Joshua King,BOU,EPL,F/M,35,2970,148
Gelson Fernandes,EF,BUND,M,29,2324,148
Arne Maier,HB,BUND,M,24,2068,148
Pierrick Capelle,ANG,FRAN,M,26,1845,148
Denis Bouanga,NIM,FRAN,M,35,2636,147
Mehdi Abeid,DIJ,FRAN,M,26,2025,147
Pierre Lees-Melou,NIC,FRAN,M,30,2393,146
Nabil Bentaleb,SKE,BUND,M,25,1792,146
Arthur Masuaku,WHU,EPL,M/D,23,1757,146
Artur Ionita,CAG,SERI,M,37,2978,145
Hanno Behrens,FCN,BUND,M,30,2643,145
Maxime Lopez,MAR,FRAN,M,32,2186,145
David Ferreiro,HUE,LIGA,F/M,35,2276,145
Nampalys Mendy,LEI,EPL,M,31,2088,145
Julian Baumgartlinger,LEV,BUND,M,22,1647,145
Mohamed Diame,NEW,EPL,M,29,2166,144
Thomas Partey,ATL,LIGA,M/D,32,2064,144
Federico Chiesa,FIO,SERI,F/M,37,3037,143
Sergi Darder,ESP,LIGA,M,34,2717,143
Anthony Caci,STR,FRAN,M/D,29,2301,143
Perparim Hetemaj,CHV,SERI,M,30,2160,143
Alessandro Florenzi,ROM,SERI,M/D,29,2183,143
James Milner,LIV,EPL,M/D,31,1786,143
Manuel Lazzari,SPL,SERI,M/D,33,2842,142
Marco Verratti,PSG,FRAN,M,26,1885,142
Francesco Magnanelli,SAS,SERI,M,26,1859,142
Pablo Sarabia,SEV,LIGA,M,33,2728,141
Blaise Matuidi,JUV,SERI,M,31,2427,141
Gerson,FIO,SERI,M,36,2435,141
Thomas Delaney,DOR,BUND,M,30,2288,141
Joe Ralls,CC,EPL,M,28,1960,141
Marc Albrighton,LEI,EPL,M,27,1626,141
Solomon March,BHA,EPL,M,35,2474,140
Cheikh N'Doye,ANG,FRAN,M,27,2335,140
Julian Draxler,PSG,FRAN,M,31,2044,140
Manuel Locatelli,SAS,SERI,M,29,1849,140
Aleksandr Golovin,MON,FRAN,M,30,2300,139
Jason,LEV,LIGA,M,30,2331,139
Tom Cairney,FUL,EPL,M,31,2198,139
Benjamin Stambouli,SKE,BUND,M,22,1853,139
Oscar Arnaiz Rodriguez,LGN,LIGA,M,31,2515,138
Diogo Jota,WLV,EPL,F/M,33,2368,138
Ryan Sessegnon,FUL,EPL,M,35,2294,138
Jonas Hofmann,BM,BUND,M,27,1916,138
Ivan Radovanovic,CHV,SERI,M,19,1707,138
Mubarak Wakaso,ALA,LIGA,M,29,1664,138
Mikel Oyarzabal,RSO,LIGA,M,37,3159,137
Santi Comesana,RV,LIGA,M,25,2032,137
Issiaga Sylla,TOU,FRAN,M/D,24,1993,137
Harry Winks,TOT,EPL,M,26,1592,137
Lebogang Phiri,GUI,FRAN,M,24,1931,136
Erik Durm,HUD,EPL,M/D,28,2052,136
Christian Rivera,HUE,LIGA,M,22,1694,136
Douglas Luiz,GIR,LIGA,M,23,1487,136
Ryan Fraser,BOU,EPL,M,38,3171,135
Wilfried Zaha,CRY,EPL,F/M,34,3040,135
Paul Lasne,MTP,FRAN,M,35,1780,135
David Silva,MCI,EPL,M,33,2409,134
Jose Holebas,WAT,EPL,M/D,28,2394,134
Emanuele Giaccherini,CHV,SERI,F/M,26,2008,134
Matthieu Dossevi,TOU,FRAN,M,35,2481,133
Brais Mendez,CEL,LIGA,M,31,2351,133
Robert Snodgrass,WHU,EPL,M,33,2221,133
Pirmin Schwegler,HAN,BUND,M,27,2087,133
Nicola Rigoni,CHV,SERI,M,24,1958,133
Oscar Plano,REV,LIGA,M,33,2696,132
Esteban Granero,ESP,LIGA,M,28,2019,132
Mitchell Dijks,BGN,SERI,M/D,25,2023,132
Denis Zakaria,BM,BUND,M,31,1957,132
Francisco Portillo,GET,LIGA,M,32,1991,132
Mario Pasalic,ATA,SERI,M,33,1613,132
Leon Goretzka,MUN,BUND,M,30,2019,131
Robin Gosens,ATA,SERI,M/D,28,1946,131
Dan Gosling,BOU,EPL,M,25,1738,131
Daniel Wass,VAL,LIGA,M,32,2355,130
Christian Gentner,SGT,BUND,M,29,2023,130
Danny Latza,MAI,BUND,M,24,1879,130
Mehdi Bourabia,SAS,SERI,M,32,2008,130
Ole Selnaes,ETI,FRAN,M,20,1674,130
Suso,MIL,SERI,F/M,35,3030,129
Benjamin Bourigeaud,REN,FRAN,M,34,2435,129
Marko Grujic,HB,BUND,M,22,1780,129
Blerim Dzemaili,BGN,SERI,M,28,1748,129
Xeka,LIL,FRAN,M,27,2264,128
Antonin Bobichon,NIM,FRAN,M,30,2155,128
Harry Arter,CC,EPL,M,25,1991,128
Kiko,WAT,EPL,M/D,29,2046,128
Youri Tielemans,MON,FRAN,M,20,1684,128
Jose Luis Morales,LEV,LIGA,M,37,3197,127
Yannick Gerhardt,WOL,BUND,M,30,2462,127
Fabio Depaoli,CHV,SERI,M/D,33,2468,127
Alex Pritchard,HUD,EPL,M,30,2089,127
Leon Bailey,LEV,BUND,M,29,1920,127
Lucas Tousart,LYO,FRAN,M,30,1727,127
James Maddison,LEI,EPL,F/M,36,2848,126
Florian Thauvin,MAR,FRAN,M,33,2622,126
Darko Lazovic,GEN,SERI,M,33,2547,126
Sead Kolasinac,ARS,EPL,M/D,24,1890,126
Suat Serdar,SKE,BUND,M,27,1826,125
Nicolas Hofler,FBG,BUND,M,19,1706,125
Frederic Veseli,EMP,SERI,M/D,31,2537,124
Sofiane Boufal,CEL,LIGA,M,35,2097,124
Dele Alli,TOT,EPL,M,25,1833,124
Kevin Strootman,MAR,FRAN,M,28,1941,124
Henrikh Mkhitaryan,ARS,EPL,M,25,1644,124
Nuri Sahin,BRE,BUND,M,20,1486,124
Raul Garcia,ATH,LIGA,M,33,2379,123
Angel Correa,ATL,LIGA,M,36,1920,123
Mateo Kovacic,CHE,EPL,M,32,1744,122
Moussa Doumbia,REI,FRAN,M,28,1600,122
Mijat Gacinovic,EF,BUND,M,30,1674,122
Mohamed Salah,LIV,EPL,F/M,38,3256,121
Naim Sliti,DIJ,FRAN,M,35,2288,121
Jeff Hendrick,BUR,EPL,M,32,2070,121
Arturo Vidal,BAR,LIGA,M,33,1927,121
Oscar Trejo,RV,LIGA,M,26,1772,121
Jimmy Durmaz,TOU,FRAN,M,36,1902,121
Jordan Marie,DIJ,FRAN,M,26,1805,121
Koo Ja-Cheol,AUG,BUND,M,27,1708,121
Thomas Mangani,ANG,FRAN,M,29,1597,121
Eduard Lowen,FCN,BUND,M,22,1622,121
Juninho Bacuna,HUD,EPL,M,21,1415,121
Fabinho,LIV,EPL,M/D,28,2012,120
Emre Can,JUV,SERI,M/D,29,1807,120
Aleix Garcia,GIR,LIGA,M,31,1665,120
Anthony Knockaert,BHA,EPL,M,30,1833,120
Jonathan de Guzman,EF,BUND,M,28,1561,120
Jasmin Kurtic,SPL,SERI,M,30,2561,119
Prince Oniangue,CAE,FRAN,M,31,2343,119
Andrea Beghetto,FRO,SERI,M/D,27,2227,119
Pasquale Schiattarella,SPL,SERI,M,28,1843,119
Theo Valls,NIM,FRAN,M,31,1772,119
Vicente Iborra,VIL,LIGA,M,19,1667,119
Andre Zambo Anguissa,FUL,EPL,M,22,1519,119
Youssef Ait Bennasser,MON,FRAN,M,13,1074,119
Oscar de Marcos,ATH,LIGA,M/D,30,2426,118
Daniel Carrico,SEV,LIGA,M,24,2132,118
Mathieu Cafaro,REI,FRAN,M,34,2100,118
Genki Haraguchi,HAN,BUND,M,28,2128,118
Isaac Hayden,NEW,EPL,M,25,1864,118
Mario Lemina,SOU,EPL,M,21,1614,118
Adrien Silva,MON,FRAN,M,15,1183,118
Marco Benassi,FIO,SERI,M,32,2295,117
Marco Parolo,LAZ,SERI,M,34,2562,117
Luis Alberto,LAZ,SERI,F/M,27,2001,117
Johann Berg Gudmundsson,BUR,EPL,M,29,1749,117
Nicolas Benezet,GUI,FRAN,M,25,1666,117
Yves Bissouma,BHA,EPL,M,28,1768,116
Valentin Rosier,DIJ,FRAN,M,18,1458,116
Matteo Politano,INT,SERI,M,36,2566,115
David Brooks,BOU,EPL,M,30,2276,115
Andrea Poli,BGN,SERI,M,30,1946,115
Raheem Sterling,MCI,EPL,F/M,34,2776,114
David Junior Hoilett,CC,EPL,M,32,2142,114
Michail Antonio,WHU,EPL,M,33,2099,114
Sebastian Rudy,SKE,BUND,M,22,1432,114
Paolo Farago,CAG,SERI,M/D,26,1697,114
Jacopo Sala,SMP,SERI,M/D,21,1517,114
Ander Herrera,MUN,EPL,M,22,1404,114
Ibrahima Mbaye,BGN,SERI,M/D,23,2009,113
Cheikhou Kouyate,CRY,EPL,M/D,31,1897,113
Joseph Alfred Duncan,SAS,SERI,M,26,1848,113
Denis Cheryshev,VAL,LIGA,M,27,1709,113
Naby Keita,LIV,EPL,M,25,1394,113
Roberto Firmino,LIV,EPL,F/M,34,2617,112
Theo Walcott,EVE,EPL,F/M,37,2122,112
Quincy Promes,SEV,LIGA,M,33,1569,112
Adam Marusic,LAZ,SERI,M/D,26,2114,111
Matias Vecino,INT,SERI,M,30,2015,111
James Ward-Prowse,SOU,EPL,M,26,1942,111
Florian Neuhaus,BM,BUND,M,32,2070,110
Mitchell Weiser,LEV,BUND,M,31,2134,110
Simone Padoin,CAG,SERI,M/D,30,1913,110
Kenedy,NEW,EPL,F/M,25,1343,110
Faitout Maouassa,NIM,FRAN,M/D,27,2138,109
Luca Rigoni,PAR,SERI,M,23,1763,109
Arthur,BAR,LIGA,M,27,1439,109
Darko Brasanac,ALA,LIGA,M,24,1581,109
Wahbi Khazri,ETI,FRAN,F/M,32,2823,108
Toni,REV,LIGA,M,26,1774,108
Lucas Biglia,MIL,SERI,M/D,16,1114,108
Memphis Depay,LYO,FRAN,F/M,36,2734,107
Giovani Lo Celso,BET,LIGA,M,32,2400,107
Adam Smith,BOU,EPL,M/D,25,2072,106
Thomas Lemar,ATL,LIGA,M,31,1827,106
Lorenzo Pellegrini,ROM,SERI,M,25,1827,106
Gonzalo Escalante,EIB,LIGA,M,32,1782,106
Manu Trigueros,VIL,LIGA,M,24,1547,106
Allan Saint-Maximin,NIC,FRAN,M,34,2910,105
Willian,CHE,EPL,M,32,2108,105
Alfonso Pedraza,VIL,LIGA,M/D,34,2087,105
Radja Nainggolan,INT,SERI,M,29,1971,105
Alfredo Morales,DUS,BUND,M,24,1549,105
Fred,MUN,EPL,M,17,1042,105
Portu,GIR,LIGA,M,34,2833,104
Angelo Fulgini,ANG,FRAN,M,31,1636,104
Lukas Lerager,BDX,FRAN,M,18,1299,104
Eden Hazard,CHE,EPL,M,37,2925,103
Gonzalo Castro,SGT,BUND,M,25,1691,103
Jaroslav Plasil,BDX,FRAN,M,23,1444,103
Ivan Perisic,INT,SERI,F/M,34,2706,102
Sergi Roberto,BAR,LIGA,M/D,29,2088,102
Samuel Chimerenka Chukwueze,VIL,LIGA,M,26,1708,102
Dwight McNeil,BUR,EPL,F/M,21,1597,102
Dani Ceballos,RMD,LIGA,M,23,1246,102
Nanitamo Jonathan Ikone,LIL,FRAN,M,38,2814,101
Manu Garcia,TOU,FRAN,M,31,1846,101
Fode Ballo-Toure,MON,FRAN,M/D,18,1595,101
Yannick Cahuzac,TOU,FRAN,M,23,1427,101
Angel Di Maria,PSG,FRAN,M,30,2339,100
Nicolo Zaniolo,ROM,SERI,M,27,1772,100
Fran Beltran,CEL,LIGA,M,30,1512,100
Ismael Tiemoko Diomande,CAE,FRAN,M,18,1293,100
Geoffrey Kondogbia,VAL,LIGA,M,19,1244,100
Demarai Gray,LEI,EPL,F/M,34,1996,99
Oscar Melendo,ESP,LIGA,M,32,2002,99
Marcus Coco,GUI,FRAN,M,33,1839,99
Pablo De Blasis,EIB,LIGA,M,24,1517,99
Leandro Paredes,PSG,FRAN,M,16,1250,99
Santiago Caseres,VIL,LIGA,M,23,1588,98
Damian Musto,HUE,LIGA,M,24,1687,97
Ivan Radovanovic,GEN,SERI,M,16,1282,97
Borja Valero,INT,SERI,M,27,1226,97
Adrien Rabiot,PSG,FRAN,M,14,1064,97
Bertrand Traore,LYO,FRAN,F/M,34,2124,96
Vincenzo Grifo,FBG,BUND,M,17,1518,96
Inigo Cordoba,ATH,LIGA,F/M,23,1322,96
Gonzalo Melero,HUE,LIGA,M,22,1346,96
Cristian Tello,BET,LIGA,M,29,1559,96
Son Heung-Min,TOT,EPL,F/M,31,2045,95
Lars Bender,LEV,BUND,M,21,1433,95
Younousse Sankhare,BDX,FRAN,M,22,1482,95
Javi Galan,HUE,LIGA,M/D,16,1440,95
Javi Martinez,MUN,BUND,M/D,21,1311,95
Lucas Moura,TOT,EPL,F/M,32,2128,94
Pedro,CHE,EPL,F/M,31,1780,94
Serge Gnabry,MUN,BUND,M,30,1774,94
Miiko Albornoz,HAN,BUND,M,22,1660,94
Kalidou Sidibe,TOU,FRAN,M,20,1270,94
Dimitri Lienard,STR,FRAN,M,22,1290,94
Ki Sung-yueng,NEW,EPL,M,18,1302,94
Miguel Veloso,GEN,SERI,M/D,21,1257,94
Juraj Kucka,PAR,SERI,M,18,1535,93
Ibai Gomez,ALA,LIGA,M,18,1456,93
Recio,LGN,LIGA,M,18,1287,93
Alvaro Medran,RV,LIGA,M,21,1147,93
Ben Davies,TOT,EPL,M/D,27,1839,92
Samuel Moutoussamy,NTE,FRAN,M,28,1650,92
Raphael Guerreiro,DOR,BUND,M/D,23,1529,92
Leander Dendoncker,WLV,EPL,M,19,1469,92
Linton Maina,HAN,BUND,M,20,1425,92
Jerome Gondorf,FBG,BUND,M,26,1381,92
Mario Suarez,RV,LIGA,M,14,1026,92
Thiago Maia,LIL,FRAN,M,24,1014,92
Assane Diousse,CHV,SERI,M,14,891,92
Leroy Sane,MCI,EPL,M,31,1867,91
Keko,REV,LIGA,F/M,26,1543,91
Filip Bradaric,CAG,SERI,M,27,1494,91
Matteo Scozzarella,PAR,SERI,M,22,1468,91
Julian Weigl,DOR,BUND,M,18,1455,91
Pascal Gross,BHA,EPL,M,25,1876,90
Alex Iwobi,ARS,EPL,M,35,1972,90
Jeffrey Schlupp,CRY,EPL,M/D,30,1665,90
Alvaro Garcia,RV,LIGA,M,35,1759,90
Marco D'Alessandro,UDN,SERI,F/M,24,1496,90
Andrew Surman,BOU,EPL,M,18,1439,90
Samuel Kalu,BDX,FRAN,M,21,1279,90
Milan Badelj,LAZ,SERI,M,23,1143,90
Josh Murphy,CC,EPL,M,29,1822,89
Weston McKennie,SKE,BUND,M,25,1835,89
Riccardo Orsolini,BGN,SERI,F/M,35,1956,89
Fode Ballo-Toure,LIL,FRAN,M/D,18,1595,89
Renato Steffen,WOL,BUND,M,31,1504,89
Max Meyer,CRY,EPL,M,29,1410,89
Aaron Ramsey,ARS,EPL,M,28,1328,89
Ross Barkley,CHE,EPL,M,27,1241,89
Alessandro Schopf,SKE,BUND,M,15,1003,89
Giannelli Imbula,RV,LIGA,M,22,1739,88
Afriyie Acquah,EMP,SERI,M,28,1514,88
Matheus Pereira,FCN,BUND,F/M,19,1236,88
Jessy Deminguet,CAE,FRAN,M,20,1273,88
Florent Balmont,DIJ,FRAN,M,20,1082,88
David Zurutuza,RSO,LIGA,M,21,1223,88
Dodi Lukebakio,DUS,BUND,M,32,1995,87
Saman Ghoddos,AMN,FRAN,F/M,27,1832,87
Andrei Girotto,NTE,FRAN,M,20,1478,86
Ruben Pardo,RSO,LIGA,M,24,1373,86
Christian Atsu,NEW,EPL,M,28,1488,86
Nabil Fekir,LYO,FRAN,M,29,1989,85
Yangel Herrera,HUE,LIGA,M,16,1158,85
Rony Lopes,MON,FRAN,M,24,1855,84
Marvin Bakalorz,HAN,BUND,M,25,1464,84
Jonjo Shelvey,NEW,EPL,M,16,944,84
Marco Reus,DOR,BUND,F/M,27,2322,83
Admir Mehmedi,WOL,BUND,F/M,26,1698,83
Romulo,GEN,SERI,M,17,1357,83
Lucas Deaux,GUI,FRAN,M,18,1195,83
Riyad Mahrez,MCI,EPL,M,27,1337,83
Hatem Ben Arfa,REN,FRAN,M,26,2036,82
Mesut Ozil,ARS,EPL,M,24,1741,82
Ondrej Petrak,FCN,BUND,M,22,1622,82
Goncalo Guedes,VAL,LIGA,F/M,25,1469,82
Lucas Vazquez,RMD,LIGA,M,31,1501,82
Daniele De Rossi,ROM,SERI,M,18,1273,82
Romain Saiss,WLV,EPL,M/D,19,1144,82
Philippe Coutinho,BAR,LIGA,F/M,34,2022,81
Jozabed,CEL,LIGA,M,20,1157,81
Marek Hamsik,NAP,SERI,M,13,922,81
Dominik Kohr,LEV,BUND,M,18,968,81
Stephan El Shaarawy,ROM,SERI,F/M,28,2108,80
Andre Schurrle,FUL,EPL,M,24,1649,80
Milot Rashica,BRE,BUND,M,26,1558,80
Joaquin Correa,LAZ,SERI,F/M,34,1919,80
Francis Guerrero,BET,LIGA,M/D,22,1790,79
Hector Bellerin,ARS,EPL,M/D,19,1533,79
Eric Dier,TOT,EPL,M/D,20,1509,79
Leo Stulac,PAR,SERI,M,26,1449,79
Valon Behrami,UDN,SERI,M/D,19,1367,79
Stuart Armstrong,SOU,EPL,M,29,1431,79
Romain Del Castillo,REN,FRAN,M,29,1337,79
Oliver Fink,DUS,BUND,M,19,1066,79
Jean-Eudes Aholou,MON,FRAN,M,17,1073,79
Joao Pedro,CAG,SERI,M,34,2569,78
Ante Rebic,EF,BUND,F/M,29,2073,78
Jean Zimmer,DUS,BUND,M/D,18,1439,78
Philipp Bargfrede,BRE,BUND,M,15,1084,78
Joao Mario,INT,SERI,M,20,1081,78
Christoph Kramer,BM,BUND,M,18,1136,77
Kingsley Coman,MUN,BUND,M,21,1388,76
Juan Cuadrado,JUV,SERI,M,18,1224,76
Elvis Rexhbecaj,WOL,BUND,M,24,1141,76
Sergio Alvarez,EIB,LIGA,M,19,1064,76
Helder Costa,WLV,EPL,F/M,25,1345,75
Gabriel Boschilia,NTE,FRAN,M,29,1319,75
Youri Tielemans,LEI,EPL,M,13,1091,75
Sanjin Prcic,STR,FRAN,M,13,1046,75
Alessandro Murgia,SPL,SERI,M,15,1071,75
Gaston Ramirez,SMP,SERI,F/M,27,1585,74
Oleksandr Zinchenko,MCI,EPL,M/D,14,1153,74
Youssef Ait Bennasser,ETI,FRAN,M,13,937,74
Alex Gallar,HUE,LIGA,M,25,1002,74
Ruben Loftus-Cheek,CHE,EPL,M,24,983,74
James Rodriguez,MUN,BUND,M,20,1142,73
Pedro Obiang,WHU,EPL,M,24,1120,73
Esteban Rolon,GEN,SERI,M,19,1042,73
Mario Gotze,DOR,BUND,F/M,26,1678,72
Danilo,NIC,FRAN,M,22,1549,72
Alex Berenguer,TOR,SERI,M,31,1479,72
Kevin Mohwald,BRE,BUND,F/M,23,861,72
Gerard Deulofeu,WAT,EPL,M,30,2079,71
Lorenzo Insigne,NAP,SERI,F/M,28,2078,71
Dimitri Payet,MAR,FRAN,M,31,1910,71
Juan Mata,MUN,EPL,M,22,1293,71
Ignazio Abate,MIL,SERI,M,19,1305,71
Francesco Cassata,FRO,SERI,M,19,1128,71
Sebastian Rode,EF,BUND,M,12,931,71
Morgan Schneiderlin,EVE,EPL,M,14,835,71
Jeremie Boga,SAS,SERI,F/M,25,1439,70
Omar Mascarell,SKE,BUND,M,15,1083,70
Franck Ribery,MUN,BUND,M,25,1167,70
Adama Mbengue,CAE,FRAN,M,11,738,70
Jakub Jankto,SMP,SERI,M,25,949,70
Mike Frantz,FBG,BUND,M,32,2302,69
Roberto Soriano,BGN,SERI,F/M,17,1492,69
Federico Mattiello,BGN,SERI,M/D,17,1335,69
Victor Sanchez,ESP,LIGA,M/D,24,1257,69
Amine Harit,SKE,BUND,M,18,1083,69
Moussa Diaby,PSG,FRAN,M,25,1131,69
Jonathan Biabiany,PAR,SERI,F/M,18,1070,68
Per Skjelbred,HB,BUND,M,16,996,68
Isco,RMD,LIGA,M,27,1186,68
Adam Nagy,BGN,SERI,M,14,972,68
Bryan Dabo,FIO,SERI,M,23,818,68
Dries Mertens,NAP,SERI,F/M,35,2252,67
Emil Forsberg,RBL,BUND,M,20,1252,67
James Edward Lea-Siliki,REN,FRAN,M,24,1219,67
Yann Karamoh,BDX,FRAN,M,22,1224,67
Cesc Fabregas,MON,FRAN,M,13,969,67
Tom Davies,EVE,EPL,M,16,976,67
Samu Castillejo,MIL,SERI,F/M,31,1008,67
Jesse Lingard,MUN,EPL,M,27,1669,66
Leonardo Bittencourt,HOF,BUND,M,21,1069,66
Rene Krhin,NTE,FRAN,M,16,1056,66
Robin Quaison,MAI,BUND,F/M,28,2204,65
Callum Paterson,CC,EPL,F/M,27,1996,65
Luca Fuentes Sangalli,RSO,LIGA,M,18,999,65
Xherdan Shaqiri,LIV,EPL,M,24,1058,65
Youssouf Fofana,STR,FRAN,M,17,910,65
Joaquin,BET,LIGA,M,30,1694,64
Tristan Dingome,REI,FRAN,M,20,1356,64
Mahmoud Dahoud,DOR,BUND,M,14,695,63
Kevin Mirallas,FIO,SERI,F/M,27,1298,62
Anthony Limbombe,NTE,FRAN,M,29,1232,62
Marvin Zeegelaar,UDN,SERI,M/D,12,955,62
Jean-Clair Todibo,TOU,FRAN,M,10,835,62
Cheick Timite,AMN,FRAN,M,27,1451,61
Alvaro Odriozola,RMD,LIGA,M/D,14,1179,61
Gerard Gumbau,LGN,LIGA,M,16,1196,61
Kevin De Bruyne,MCI,EPL,M,19,974,61
Lucas Castro,CAG,SERI,M,12,897,61
Hasanne Kamara,REI,FRAN,M,16,921,61
Sofian Kiyine,CHV,SERI,M,23,808,61
Amir Abrashi,FBG,BUND,M,10,791,61
Miguel Almiron,NEW,EPL,F/M,10,763,61
Daniel Didavi,SGT,BUND,M,20,950,61
Martin Terrier,LYO,FRAN,F/M,32,1481,60
Filip Djuricic,SAS,SERI,M,23,1259,60
Karim Bellarabi,LEV,BUND,M,19,1057,60
Massimo Gobbi,PAR,SERI,M/D,16,1183,60
Valter Birsa,CHV,SERI,F/M,17,1103,60
Isaac Success,WAT,EPL,F/M,30,1039,60
Leonardo Capezzi,EMP,SERI,M,12,775,60
Remi Walter,NIC,FRAN,M,19,828,60
Tyler Adams,RBL,BUND,M/D,10,723,60
Lewis Cook,BOU,EPL,M,13,722,60
Jakob Johansson,REN,FRAN,M,16,709,60
Cengiz Under,ROM,SERI,F/M,26,1376,59
Neymar,PSG,FRAN,F/M,17,1441,59
Oscar Hiljemark,GEN,SERI,M,17,1201,59
Adnan Januzaj,RSO,LIGA,M,20,1252,59
Ainsley Maitland-Niles,ARS,EPL,M/D,16,986,59
Erik Lamela,TOT,EPL,M,19,972,59
Didier Ndong,GUI,FRAN,M,11,746,59
Luca Paganini,FRO,SERI,F/M,14,1121,58
Daniel Amartey,LEI,EPL,M/D,9,639,58
Stefan Ilsanker,RBL,BUND,M,19,926,57
Amadou Diawara,NAP,SERI,M,13,661,57
Christopher Nkunku,PSG,FRAN,M,22,1155,56
Miha Zajc,EMP,SERI,M,20,1165,56
Beram Kayal,BHA,EPL,M,18,937,56
Toma Basic,BDX,FRAN,M,23,1334,55
Marcel Sobottka,DUS,BUND,M,14,944,55
Levin Oztunali,MAI,BUND,M,15,923,55
Luca Valzania,FRO,SERI,M,13,904,55
Borja Fernandez Fernandez,REV,LIGA,M,19,839,55
Arber Zeneli,REI,FRAN,M,15,807,55
Mattia Valoti,SPL,SERI,M,24,1226,54
Fabian Johnson,BM,BUND,M/D,18,1009,54
Caiuby,AUG,BUND,M,14,1006,54
Adama Traore,WLV,EPL,F/M,29,892,54
Pione Sisto,CEL,LIGA,M,25,834,54
Fabian Delph,MCI,EPL,M/D,11,725,54
Ruben Vinagre,WLV,EPL,M/D,17,706,54
Florent Muslija,HAN,BUND,F/M,17,675,54
Steven Zuber,SGT,BUND,M,13,1058,53
Anuar,REV,LIGA,M,19,1082,53
Sasa Lukic,TOR,SERI,M,24,982,53
Patrick Herrmann,BM,BUND,M,24,1073,53
Takashi Usami,DUS,BUND,M,19,876,53
Takashi Inui,ALA,LIGA,M,12,834,53
Nabil El Zhar,LGN,LIGA,M,27,954,53
Sandro,GEN,SERI,M,13,712,53
Vitolo,ATL,LIGA,M,20,744,53
Junior Stanislas,BOU,EPL,M,23,1025,52
Jean-Victor Makengo,NIC,FRAN,M,25,1024,52
Isaac Mbenza,HUD,EPL,F/M,22,982,52
Chang-hoon Kwon,DIJ,FRAN,M,19,936,52
Valery Fernandez Estrada,GIR,LIGA,M,17,884,52
Scott McTominay,MUN,EPL,M,16,862,52
Junior Sambia,MTP,FRAN,M,30,911,52
Jan Moravek,AUG,BUND,M,14,781,52
Erik Thommy,SGT,BUND,F/M,19,791,52
Federico Valverde,RMD,LIGA,M,16,651,52
Sebastian Kerk,FCN,BUND,M,21,1187,51
Patrick Erras,FCN,BUND,M,19,1219,51
Mattias Svanberg,BGN,SERI,M,23,1174,51
Ladislav Krejci,BGN,SERI,M,18,1063,51
Kevin Danso,AUG,BUND,M,18,1247,50
Arnaud Nordin,ETI,FRAN,M,25,1048,50
Fabio Borini,MIL,SERI,F/M,20,1048,50
John Bostock,TOU,FRAN,F/M,16,984,50
Ferran Torres,VAL,LIGA,F/M,24,843,50
Rachid Ghezzal,LEI,EPL,M,19,735,50
Marouane Fellaini,MUN,EPL,M,14,746,50
Mehdi Merghem,GUI,FRAN,M,9,725,49
Lucas Evangelista,NTE,FRAN,M,14,722,49
Marko Arnautovic,WHU,EPL,F/M,28,1999,48
Lukas Lerager,GEN,SERI,M,14,1124,48
Lucas Paqueta,MIL,SERI,M,13,850,48
Sofiane Diop,MON,FRAN,M,13,742,48
Manuel Lanzini,WHU,EPL,M,10,689,48
Manu,VIL,LIGA,M,10,611,48
Riccardo Saponara,SMP,SERI,F/M,22,904,47
Kevin McDonald,FUL,EPL,M,15,842,47
Javairo Dilrosun,HB,BUND,F/M,17,891,47
Ronaldo Vieira,SMP,SERI,M,14,594,47
Reiss Nelson,HOF,BUND,F/M,23,628,47
Diego Rico,BOU,EPL,M/D,12,607,47
Federico Di Francesco,SAS,SERI,F/M,19,1080,46
Roberto Gagliardini,INT,SERI,M,19,1085,46
Jose Izquierdo,BHA,EPL,F/M,15,794,46
Edgar Barreto,SMP,SERI,M,12,784,46
Sean Longstaff,NEW,EPL,M,9,687,46
Andreas Pereira,MUN,EPL,M,15,594,46
Ridle Baku,MAI,BUND,M,15,938,45
Enzo Loiodice,DIJ,FRAN,M,12,851,45
Ibrahim Amadou,SEV,LIGA,M,17,757,45
Simon Rhein,FCN,BUND,M,8,496,45
Robbie Brady,BUR,EPL,M,16,715,45
Michael Lang,BM,BUND,M/D,17,1261,44
Aaron Lennon,BUR,EPL,M,16,1215,44
Hernan Perez,ESP,LIGA,M,19,797,44
Nadiem Amiri,HOF,BUND,M,13,758,44
Mohamed Elyounoussi,SOU,EPL,F/M,16,790,44
Stanley Nsoki,PSG,FRAN,M,12,698,44
Mousa Dembele,TOT,EPL,M,10,515,44
Elias Kachunga,HUD,EPL,F/M,20,1181,43
Marius Wolf,DOR,BUND,M,16,831,43
Bassem Srarfi,NIC,FRAN,F/M,22,812,43
Sandro,UDN,SERI,M,12,595,43
Marcos Llorente,RMD,LIGA,M,7,540,43
Anthony Goncalves,STR,FRAN,M,18,1059,42
Charalampos Lykogiannis,CAG,SERI,M/D,11,828,42
Juanpi,HUE,LIGA,M,14,672,42
Morgan Gibbs-White,WLV,EPL,F/M,26,650,42
Boubakary Soumare,LIL,FRAN,M,18,553,42
Jordan Ayew,CRY,EPL,F/M,20,1187,41
Harvey Barnes,LEI,EPL,M,16,1009,41
Martin Harnik,BRE,BUND,M,18,827,41
Lucas Torro,EF,BUND,M,8,560,41
Romulo,LAZ,SERI,M,10,777,40
Marko Pajac,EMP,SERI,M/D,10,740,40
Bruma,RBL,BUND,F/M,14,549,40
Kalifa Coulibaly,NTE,FRAN,M,32,1746,39
Alexis Sanchez,MUN,EPL,F/M,20,877,39
Nikola Vukcevic,LEV,LIGA,M,16,670,39
Aurelien Tchouameni,BDX,FRAN,M,10,705,39
Giacomo Bonaventura,MIL,SERI,F/M,8,651,39
Steven Zuber,HOF,BUND,M,9,574,39
Sanjin Prcic,LEV,LIGA,M,10,533,39
Alessandro Deiola,PAR,SERI,M,10,541,39
Leandro Bacuna,CC,EPL,M/D,11,554,39
Victor Wanyama,TOT,EPL,M,13,513,39
Adrien Hunou,REN,FRAN,M,19,1241,38
Diego Laxalt,MIL,SERI,M/D,20,640,38
Carles Alena,BAR,LIGA,M,17,631,38
Grady Diangana,WHU,EPL,F/M,17,605,38
Burgui,ALA,LIGA,M,16,547,38
Samuel Grandsir,MON,FRAN,M,12,465,38
Christian Pulisic,DOR,BUND,M,20,923,37
Wilfrid Kaptoum,BET,LIGA,M,10,776,37
Mirko Valdifiori,SPL,SERI,M,15,666,37
Douglas Costa,JUV,SERI,F/M,17,616,37
Danilo Cataldi,LAZ,SERI,M,12,571,37
Tom Cleverley,WAT,EPL,M,13,471,37
Marko Rog,SEV,LIGA,M,10,354,37
Gareth Bale,RMD,LIGA,F/M,29,1792,36
Emanuel Vignato,CHV,SERI,F/M,10,661,36
Javier Pastore,ROM,SERI,M,14,596,36
Baissama Sankoh,CAE,FRAN,M/D,15,646,36
Maxime Gonalons,SEV,LIGA,M,10,536,36
Gael Kakuta,RV,LIGA,M,12,720,35
Joel Obi,CHV,SERI,M,11,665,35
Diego Perotti,ROM,SERI,F/M,13,665,35
Paolo Sammarco,FRO,SERI,M,8,552,35
Ignacio Camacho,WOL,BUND,M,6,540,35
Ganso,AMN,FRAN,M,12,517,35
Renato Sanches,MUN,BUND,M,17,566,35
Stefan Johansen,FUL,EPL,M,12,411,35
Boulaye Dia,REI,FRAN,M,18,746,34
Ryad Boudebouz,CEL,LIGA,M,11,720,34
Alexander Fuchs,FCN,BUND,M,9,660,34
Leonardo Spinazzola,JUV,SERI,M/D,10,598,34
Ibai Gomez,ATH,LIGA,M,14,577,34
Yunus Malli,WOL,BUND,M,21,689,34
Luca Mazzitelli,GEN,SERI,M,10,319,34
Jordon Ibe,BOU,EPL,M,19,796,33
Ken Sema,WAT,EPL,F/M,17,755,33
Hamza Choudhury,LEI,EPL,M,9,596,33
Kevin Zohi,STR,FRAN,M,20,621,33
Rajiv van La Parra,HUD,EPL,M,5,407,33
Antonio Valencia,MUN,EPL,M/D,6,465,32
Gaku Shibasaki,GET,LIGA,M,7,389,32
Daniele Verde,REV,LIGA,F/M,22,641,32
Javi Eraso,LGN,LIGA,M,13,635,31
Serge Aurier,TOT,EPL,M/D,8,563,31
Steven Defour,BUR,EPL,M,6,452,31
Mattia Sprocati,PAR,SERI,F/M,16,637,31
Chadrac Akolo,SGT,BUND,M,16,523,31
Vincent Pajot,ANG,FRAN,M,13,721,30
Marvin Martin,REI,FRAN,M,13,627,30
Frederic Sammaritano,DIJ,FRAN,M,14,536,30
Adam Ounas,NAP,SERI,F/M,18,534,30
Vasyl Kravets,LGN,LIGA,M/D,6,484,30
Emil Hallfredsson,FRO,SERI,M,6,393,30
Pele,MON,FRAN,M,8,449,30
Alexandru Maxim,MAI,BUND,M,22,558,30
Valentin Vada,ETI,FRAN,M,12,398,30
Vladimir Darida,HB,BUND,M,10,373,30
Domingos Quina,WAT,EPL,M,8,334,30
Vittorio Parigini,TOR,SERI,F/M,17,364,30
Assane Diousse,ETI,FRAN,M,7,212,30
Nacer Chadli,MON,FRAN,M,16,692,29
Eric Maxim Choupo-Moting,PSG,FRAN,F/M,22,793,29
Sami Khedira,JUV,SERI,M,10,711,29
Javier Garcia,BET,LIGA,M,13,520,29
Moustapha Diallo,NIM,FRAN,M,7,457,29
Valentin Eysseric,FIO,SERI,F/M,8,355,29
Roberto Soriano,TOR,SERI,F/M,11,468,28
Roland Sallai,FBG,BUND,F/M,11,544,28
Iver Fossum,HAN,BUND,M,9,453,28
Mathieu Flamini,GET,LIGA,M,10,449,28
Paolo Ghiglione,FRO,SERI,M/D,9,514,27
Luisinho,HUE,LIGA,M,7,509,27
Stef Peeters,CAE,FRAN,M,7,409,27
Sebastian Cristoforo,GET,LIGA,M,15,442,27
Callum Hudson-Odoi,CHE,EPL,M,10,391,27
Jack Wilshere,WHU,EPL,M,8,389,27
Juan Aguilera,HUE,LIGA,M,6,347,27
Antonio Di Gaudio,PAR,SERI,F/M,12,704,26
Steven Skrzybski,SKE,BUND,F/M,12,665,26
Mickael Alphonse,DIJ,FRAN,M,11,567,26
Mohamed Elneny,ARS,EPL,M,8,379,26
Florian Kainz,BRE,BUND,M,8,375,26
Federico Viviani,FRO,SERI,M,5,341,26
Havard Nordtveit,HOF,BUND,M/D,8,468,26
Peru Nolaskoain,ATH,LIGA,M,8,463,26
Daniele Dessena,CAG,SERI,M,11,347,26
Filippo Costa,SPL,SERI,M,9,562,25
Lorenzo Crisetig,FRO,SERI,M,8,505,25
Adam Lallana,LIV,EPL,M,13,465,25
Eduardo Camavinga,REN,FRAN,M,7,363,25
Havard Nordtveit,FUL,EPL,M/D,5,361,25
Unai Lopez,ATH,LIGA,M,7,325,25
Timothy Tillman,FCN,BUND,M,6,203,25
Kevin-Prince Boateng,SAS,SERI,F/M,13,942,24
Francisco Aday,GIR,LIGA,M,10,647,24
Arjen Robben,MUN,BUND,M,12,566,24
Adama Diakhaby,HUD,EPL,M,12,553,24
Emiliano Rigoni,ATA,SERI,F/M,12,521,24
Waldo Rubio,REV,LIGA,F/M,8,493,24
Guessouma Fofana,GUI,FRAN,M,10,475,24
Darwin Machis,UDN,SERI,F/M,13,457,24
Salih Ucan,EMP,SERI,M,14,248,24
Patrick Roberts,GIR,LIGA,F/M,19,594,23
Raffael,BM,BUND,F/M,13,533,23
Alessandro Deiola,CAG,SERI,M,10,448,23
Yeni N'Gbakoto,GUI,FRAN,F/M,15,559,23
Valter Birsa,CAG,SERI,F/M,12,349,23
Vincenzo Grifo,HOF,BUND,M,7,332,23
Marco Terrazzino,FBG,BUND,F/M,13,517,22
Ibrahima Traore,BM,BUND,M,16,548,22
Alberto Grassi,PAR,SERI,M,7,461,22
Pedro Leon,EIB,LIGA,M,9,426,22
Uche Agbo,RV,LIGA,M,6,372,22
Nolan Mbemba,REI,FRAN,M,8,355,22
Christian Norgaard,FIO,SERI,M,6,323,22
Aly Ndom,REI,FRAN,M,11,355,22
Vicente Iborra,LEI,EPL,M,8,226,22
Amin Younes,NAP,SERI,F/M,12,498,21
Jason Puncheon,HUD,EPL,M,6,383,21
Pere Milla,EIB,LIGA,M,5,344,21
Antonin Barak,UDN,SERI,F/M,8,329,21
Andrew Hjulsager,CEL,LIGA,M,15,349,21
Reece Oxford,AUG,BUND,M,8,504,20
Pape Cheikh Diop,LYO,FRAN,M,12,452,20
"St&eacute;phane Mbia",TOU,FRAN,M/D,5,447,20
Felix Klaus,WOL,BUND,M,15,437,20
Amadou Haidara,RBL,BUND,M,9,374,20
Marko Rog,NAP,SERI,M,9,331,20
Zaydou Youssouf,BDX,FRAN,M,11,423,19
Ryad Boudebouz,BET,LIGA,M,9,540,19
Antonio Candreva,INT,SERI,F/M,18,492,19
Nathaniel Chalobah,WAT,EPL,M,9,267,19
Mikel Rico,ATH,LIGA,M,4,243,19
Mathias Jensen,CEL,LIGA,M,6,235,19
Bongani Zungu,AMN,FRAN,M,5,231,19
Mirko Gori,FRO,SERI,M,10,321,19
Samu Saiz,GET,LIGA,M,10,299,19
Josh Sims,SOU,EPL,M,7,209,19
Danilo Soddimo,FRO,SERI,F/M,10,244,18
Yevhen Konoplyanka,SKE,BUND,F/M,13,653,17
Benjamin Corgnet,STR,FRAN,M,17,665,17
Miguel Layun,VIL,LIGA,M/D,8,505,17
Ihsan Sacko,NIC,FRAN,M,13,436,17
Mihailo Ristic,MTP,FRAN,M,10,321,17
Everton Luiz,SPL,SERI,M,10,312,17
Matteo Pessina,ATA,SERI,M,12,229,17
Valon Berisha,LAZ,SERI,M,8,192,17
Cesc Fabregas,CHE,EPL,M,6,175,17
Leo Suarez,REV,LIGA,M,12,519,16
Jean-Kevin Augustin,RBL,BUND,M,17,451,16
Eddy Sylvestre,NIC,FRAN,M,5,266,16
Valentin Eysseric,NTE,FRAN,F/M,5,209,16
Samuel Grandsir,STR,FRAN,M,8,234,16
Yacine Adli,BDX,FRAN,M,7,214,16
Takashi Inui,BET,LIGA,M,8,377,15
Cheick Doukoure,LEV,LIGA,M,9,313,15
Jacob Murphy,NEW,EPL,M,9,300,15
Javi Fuego,VIL,LIGA,M,5,234,15
Jules Keita,DIJ,FRAN,M,17,443,15
Antoine Bernede,PSG,FRAN,M,2,170,15
Matteo Brighi,EMP,SERI,M,10,224,15
Marc Stendera,EF,BUND,M,7,107,15
Sheyi Ojo,REI,FRAN,M,15,459,14
Philip Foden,MCI,EPL,M,13,329,14
Gorka Elustondo,RV,LIGA,M,5,285,14
Brahim Diaz,RMD,LIGA,F/M,9,378,13
Stefano Sturaro,GEN,SERI,M,5,216,13
Carlos Sanchez,WHU,EPL,M/D,7,240,13
Oliver Skipp,TOT,EPL,M,8,216,13
Jose Agustin Mauri,MIL,SERI,M,5,207,13
Lorenzo Dickmann,SPL,SERI,M/D,6,172,13
Lassana Diarra,PSG,FRAN,M,3,160,13
Jean-Clair Todibo,BAR,LIGA,M,2,158,13
Jordan Ferri,LYO,FRAN,M,4,114,13
Jordi Mboula,MON,FRAN,F/M,7,276,12
Evens Joseph,CAE,FRAN,M,13,332,12
Daniel Ojeda,LGN,LIGA,M,5,192,12
Timor,GIR,LIGA,M/D,2,164,12
Yassine Benrahou,BDX,FRAN,M,4,175,12
Georg Teigl,AUG,BUND,M/D,7,299,11
Dennis Geiger,HOF,BUND,M,4,246,11
Inigo Lekue,ATH,LIGA,M/D,4,210,11
Guessouma Fofana,AMN,FRAN,M,3,186,11
Paulinho,LEV,BUND,M,16,175,11
Kadeem Harris,CC,EPL,F/M,13,366,10
Adama Traore,MON,FRAN,M,6,240,10
Allan,EF,BUND,M,4,174,10
Lluis Sastre Reus,HUE,LIGA,M,4,117,10
Alex Lopez,ESP,LIGA,M,4,109,10
Ibrahima Cisse,FUL,EPL,M,3,87,10
William Vainqueur,MON,FRAN,M,3,78,10
Samir Nasri,WHU,EPL,M,5,245,9
Hervias,EIB,LIGA,M,3,180,9
Riqui Puig Marti,BAR,LIGA,M,2,157,9
Mickael Cuisance,BM,BUND,M,11,269,9
Wesley Fofana,ETI,FRAN,M,2,160,9
Gregory Sertic,MAR,FRAN,M/D,4,107,9
Svante Ingelsson,UDN,SERI,M,3,95,9
Rafinha,BAR,LIGA,F/M,5,225,8
Kevin Ndoram,MON,FRAN,M/D,4,194,8
Godfred Donsah,BGN,SERI,M,6,148,8
Emil Hallfredsson,UDN,SERI,M,3,135,8
Steven Davis,SOU,EPL,M,3,97,8
Ander Iturraspe,ATH,LIGA,M,3,97,8
Christoph Baumgartner,HOF,BUND,M,2,86,8
Yoann Gourcuff,DIJ,FRAN,M,8,127,8
Facundo Piriz,MTP,FRAN,M,6,112,8
Ramadan Sobhi,HUD,EPL,M,4,75,8
Alphonso Davies,MUN,BUND,M,6,74,8
Stephane Omeonga,GEN,SERI,M,3,54,8
John Yeboah Zamora,WOL,BUND,M,2,54,8
Wilfried Kanga,ANG,FRAN,F/M,18,482,7
Fredrik Jensen,AUG,BUND,M,6,205,7
Edgar Prib,HAN,BUND,M,4,203,7
Rabbi Matondo,SKE,BUND,F/M,8,213,7
Callum Slattery,SOU,EPL,M/D,3,110,7
Gaoussou Boubacar Traore,AMN,FRAN,M,3,107,7
Danny Williams,HUD,EPL,M,5,95,7
Kevin Soni,GIR,LIGA,M,5,78,7
Badu,UDN,SERI,M,4,161,6
Iuri Medeiros,GEN,SERI,F/M,2,107,6
Gerrit Holtmann,MAI,BUND,M/D,4,143,6
Rai Vloet,FRO,SERI,F/M,5,119,6
Imran Louza,NTE,FRAN,M,1,89,6
Bruno Jordao,LAZ,SERI,M,3,87,6
Jose Machin,PAR,SERI,M,2,77,6
Mauro Burruchaga,CHV,SERI,M,1,57,6
Andrija Balic,UDN,SERI,M,4,23,6
Kevin-Prince Boateng,BAR,LIGA,F/M,3,240,5
Jeremy Grimm,STR,FRAN,M,5,167,5
Hervias,REV,LIGA,M,3,161,5
Sergej Grubac,CHV,SERI,M,3,157,5
Keagan Dolly,MTP,FRAN,M,3,89,5
Fran Manzanara,LEV,LIGA,M,4,155,5
Edgar Salli,FCN,BUND,F/M,3,115,5
Mason Greenwood,MUN,EPL,M,3,115,5
Shinji Kagawa,DOR,BUND,M,2,98,5
Ander Guevara,RSO,LIGA,M,1,90,5
Adrien Silva,LEI,EPL,M,2,88,5
Aly Ndom,CAE,FRAN,M,1,45,5
Neeskens Kebano,FUL,EPL,M,7,103,5
Marko Pajac,CAG,SERI,M/D,3,98,5
Denis Suarez,ARS,EPL,M,4,67,5
Miguel Mari Sanchez,EIB,LIGA,M,2,67,5
Harisson Manzala,ANG,FRAN,M,8,66,5
Markel Bergara,GET,LIGA,M,3,50,5
Assil Jaziri,NIC,FRAN,F/M,3,34,5
Bakary Sako,CRY,EPL,M,4,26,5
Yassine Fekir,LYO,FRAN,M,1,11,5
Davide Zappacosta,CHE,EPL,M/D,4,125,4
Randal Kolo Muani,NTE,FRAN,M,6,119,4
Leandro Barreiro,MAI,BUND,M,1,90,4
Pablo De Blasis,MAI,BUND,M,1,90,4
Romain Faivre,MON,FRAN,M,1,90,4
Antonis Aidonis,SGT,BUND,M/D,2,81,4
Manuel Iturra,VIL,LIGA,M,3,73,4
Marco Fabian,EF,BUND,M,1,63,4
Moreto Cassama,REI,FRAN,M,1,60,4
Dejan Kulusevski,ATA,SERI,M,3,103,4
Yoric Ravet,FBG,BUND,M,4,72,4
Juanjo Camacho,HUE,LIGA,M,3,34,4
Bilal Boutobba,MTP,FRAN,M,2,31,4
Denis Suarez,BAR,LIGA,M,2,17,4
Abdoulaye Dabo,NTE,FRAN,M,2,117,3
Jacopo Dezi,PAR,SERI,M,1,90,3
Daniel Alejandro Torres,ALA,LIGA,M,2,71,3
Aaron Rowe,HUD,EPL,M,2,69,3
Corentin Tolisso,MUN,BUND,M,2,52,3
Robert Ibanez,GET,LIGA,M,7,71,3
Sueng-Ho Paik,GIR,LIGA,M,3,58,3
Dennis Jastrzembski,HB,BUND,F/M,5,58,3
Marko Jankovic,SPL,SERI,F/M,4,50,3
Nicky Medja Beloko,FIO,SERI,M,1,45,3
Arkadiusz Reca,ATA,SERI,M/D,3,45,3
Hans Nunoo Sarpei,SGT,BUND,M,2,40,3
Pierrick Valdivia,NIM,FRAN,M,2,29,3
Emile Smith-Rowe,RBL,BUND,F/M,3,28,3
Laszlo Benes,BM,BUND,M,1,26,3
Lukas Rupp,HOF,BUND,M,1,24,3
Luca Valzania,ATA,SERI,M,2,73,2
Kouadio Kone,TOU,FRAN,M,1,69,2
Grigoris Kastanos,JUV,SERI,M,1,61,2
Fousseni Diabate,LEI,EPL,M,1,55,2
Abdelhamid Sabiri,HUD,EPL,M,2,48,2
Matty Daly,HUD,EPL,M,2,73,2
Han-Noah Massengo,MON,FRAN,M,3,58,2
Berkay Ozcan,SGT,BUND,M,3,50,2
Lazar Markovic,FUL,EPL,F/M,1,45,2
Davor Lovren,DUS,BUND,M,2,44,2
Alfa Semedo,ESP,LIGA,M,3,42,2
Collin Quaner,HUD,EPL,F/M,2,37,2
Emerson Hyndman,BOU,EPL,M,1,37,2
Ivo Ilicevic,FCN,BUND,F/M,3,36,2
Valentin Vada,BDX,FRAN,M,2,34,2
Angel Almeida Gomes,MUN,EPL,F/M,2,25,2
Georges-Kevin Nkoudou,MON,FRAN,M,3,21,2
Kang-In Lee,VAL,LIGA,M,3,21,2
Albert-Nicolas Lottin,BDX,FRAN,M,2,20,2
Luca Matarese,FRO,SERI,M,2,14,2
Yann Bodiger,TOU,FRAN,M,1,12,2
Jason Puncheon,CRY,EPL,M,5,11,2
Alexander Szymanowski,LGN,LIGA,M,1,9,2
Hacen,REV,LIGA,M,1,2,2
Matheus Pereira da Silva,JUV,SERI,M,3,91,1
Antonio Moya,ATL,LIGA,M,1,90,1
Kevin Strootman,ROM,SERI,M,1,90,1
Joe Willock,ARS,EPL,M,2,64,1
Ibrahim Karamoko,CHV,SERI,M,2,63,1
Hakim El Mokkedem,TOU,FRAN,M,2,23,1
Ante Coric,ROM,SERI,M,2,22,1
Loic Damour,CC,EPL,M,2,21,1
Johan Mojica,GIR,LIGA,M/D,1,19,1
Alex Oxlade-Chamberlain,LIV,EPL,M,2,19,1
Mahdi Camara,ETI,FRAN,M,1,9,1
Luan Capanni,LAZ,SERI,F/M,1,8,1
Paul Wade,NIC,FRAN,M,1,7,1
Martin Zubimendi,RSO,LIGA,M,1,6,1
Tofol Montiel,FIO,SERI,F/M,1,5,1
Yann Karamoh,INT,SERI,M,1,4,1
Georges-Kevin Nkoudou,TOT,EPL,M,1,4,1
Woo-yeong Jeong,MUN,BUND,F/M,1,4,1
Meritan Shabani,MUN,BUND,M,1,1,1
James Garner,MUN,EPL,M,1,1,1
Adem Ljajic,TOR,SERI,M,1,29,0
Roberto Lopez Alcaide,RSO,LIGA,M,1,28,0
Juan Manuel Valencia,BGN,SERI,M,1,27,0
Victor Moses,CHE,EPL,M/D,2,26,0
James McCarthy,EVE,EPL,M,1,14,0
Pedro Brazao,NIC,FRAN,M,1,13,0
Jakub Blaszczykowski,WOL,BUND,M,1,12,0
Giovani Lo Celso,PSG,FRAN,M,1,10,0
Alessandro Murgia,LAZ,SERI,M,1,8,0
Louis Carnot,GUI,FRAN,M,1,7,0
Gianluca Gaetano,NAP,SERI,M,2,7,0
Armand Lauriente,REN,FRAN,M,1,3,0
Gianni Munari,PAR,SERI,M,1,2,0
Nicolas Janvier,REN,FRAN,M,1,2,0
Petar Micin,UDN,SERI,F/M,1,2,0
Luke Amos,TOT,EPL,M,1,2,0
Moataz Zemzemi,STR,FRAN,M,2,2,0
Patrick Kammerbauer,FBG,BUND,M/D,1,1,0
Lenny Pintor,LYO,FRAN,M,1,1,0
Luke Dreher,CRY,EPL,M,1,1,0
Arton Zekaj,LIL,FRAN,M,1,1,0
Kenny Rocha Santos,ETI,FRAN,M,1,1,0
Abdou Diakhate,PAR,SERI,M,1,1,0
"Andr&agrave;s Schafer",GEN,SERI,F/M,0,0,0
Christian Gabriel Oliva,CAG,SERI,M,0,0,0
Nicolo Fagioli,JUV,SERI,M,0,0,0
Maxence Caqueret,LYO,FRAN,M,0,0,0
Kylian Kaiboue,MTP,FRAN,M,0,0,0
Khephren Thuram-Ulien,MON,FRAN,M,0,0,0
Kevin Mouanga,ANG,FRAN,M/D,0,0,0
Conor Coventry,WHU,EPL,M,0,0,0
Amir Adouyev,MTP,FRAN,M,0,0,0
Alessandro Marongiu,CAG,SERI,M,0,0,0
Salvatore Pezzella,ROM,SERI,M,0,0,0
Andrea Rizzo Pinna,SPL,SERI,M,0,0,0
Luca Belardinelli,EMP,SERI,M,0,0,0
Samuele Ricci,EMP,SERI,M,0,0,0
Redi Kasa,PAR,SERI,M,0,0,0
George Marsh,TOT,EPL,M,0,0,0
Gustavo Assuncao,ATL,LIGA,M,0,0,0
Azzeddine Toufiqui,PSG,FRAN,M,0,0,0
Marco Spina,SPL,SERI,M,0,0,0
Cristian Rodriguez Perez,ATL,LIGA,M,0,0,0
Nicolo Rovella,GEN,SERI,M,0,0,0
Andrea Errico,FRO,SERI,M,0,0,0
Mikel Carro Fandino,ATL,LIGA,M,0,0,0
Isaac Matondo,REN,FRAN,M,0,0,0
Riccardo Landinetti,CAG,SERI,M,0,0,0
Nicolas Wahling,HOF,BUND,M,0,0,0
Cheikh Niasse,LIL,FRAN,M,0,0,0
Eric Junior Dina Ebimbe,PSG,FRAN,M,0,0,0
Bilal Benkhedim,ETI,FRAN,M,0,0,0
Nnamdi Ofoborh,BOU,EPL,M,0,0,0
Hicham Mahou,NIC,FRAN,M,0,0,0
Sullay Kaikai,CRY,EPL,M,0,0,0
Abukar Mohamed,LAZ,SERI,M,0,0,0
Darko Brasanac,BET,LIGA,M,0,0,0
Borja Lasso,SEV,LIGA,F/M,0,0,0
Faitout Maouassa,REN,FRAN,M/D,0,0,0
Federico Viviani,SPL,SERI,M,0,0,0
Pepelu,LEV,LIGA,M,0,0,0
Simone Pontisso,UDN,SERI,M,0,0,0
Matt Butcher,BOU,EPL,M,0,0,0
Yhoan Andzouana,GIR,LIGA,M,0,0,0
Adalberto Penaranda,WAT,EPL,F/M,0,0,0
Erik Majetschak,RBL,BUND,M,0,0,0
Nais Djouahra,RSO,LIGA,M,0,0,0
Florian Chabrolle,MAR,FRAN,M,0,0,0
Anthony Gomez Mancini,ANG,FRAN,M,0,0,0
Paul Will,MUN,BUND,M,0,0,0
Drissa Camara,PAR,SERI,M,0,0,0
Emile Smith-Rowe,ARS,EPL,F/M,0,0,0
Ousseynou Ndiaye,LYO,FRAN,M,0,0,0
Jaime Seoane,RMD,LIGA,M,0,0,0
Niclas Stierlin,RBL,BUND,M/D,0,0,0
Ricardo Farcas,SPL,SERI,M/D,0,0,0
Percy Prado Ruiz,NTE,FRAN,M,0,0,0
Felipe Pires,HOF,BUND,F/M,0,0,0
Sam Schreck,LEV,BUND,M,0,0,0
Jean-Manuel Mbom,BRE,BUND,M,0,0,0
Romario Rosch,AUG,BUND,M,0,0,0
Mohamed Bahlouli,SMP,SERI,F/M,0,0,0
Luca de la Torre,FUL,EPL,M,0,0,0
Steven Sessegnon,FUL,EPL,M,0,0,0
Lazar Nikolic,SPL,SERI,F/M,0,0,0
Christian Koffi,FIO,SERI,M,0,0,0
Emanuel Besea,FRO,SERI,M,0,0,0
Uros Racic,VAL,LIGA,M,0,0,0
Emanuele Torrasi,MIL,SERI,M,0,0,0
Andrea Colpani,ATA,SERI,M,0,0,0
Michel Ndary Adopo,TOR,SERI,M,0,0,0
David Kopacz,SGT,BUND,F/M,0,0,0
Sergio Gomez,DOR,BUND,F/M,0,0,0
Rafik Guitane,REN,FRAN,M,0,0,0
Jayson Molumby,BHA,EPL,M/D,0,0,0
Kyle Taylor,BOU,EPL,M,0,0,0
Maurice Malone,AUG,BUND,F/M,0,0,0
Ognjen Stijepovic,SMP,SERI,M,0,0,0
Ethan Ampadu,CHE,EPL,M,0,0,0
Andrea Marcucci,ROM,SERI,M,0,0,0
Alessio Riccardi,ROM,SERI,M,0,0,0
Jan Repas,CAE,FRAN,M,0,0,0
Mamadou Coulibaly,UDN,SERI,M,0,0,0
Reda Rabei,AMN,FRAN,M,0,0,0
Alen Halilovic,MIL,SERI,F/M,0,0,0
Antonio Calderon,ALA,LIGA,M,0,0,0
Riccardo Montolivo,MIL,SERI,M,0,0,0
Dusan Basta,LAZ,SERI,M,0,0,0
Christopher Martins-Pereira,LYO,FRAN,M,0,0,0
Luismi,REV,LIGA,M,0,0,0
Mattia Vitale,SPL,SERI,M,0,0,0
Lorenzo Lollo,EMP,SERI,M,0,0,0
Emanuel Gaspar Iniguez,UDN,SERI,M,0,0,0
Marc Pugh,BOU,EPL,M,0,0,0
Andrea Bertolacci,MIL,SERI,M,0,0,0
Danny Drinkwater,CHE,EPL,M,0,0,0
Jairo Riedewald,CRY,EPL,M/D,0,0,0